,Node,VRF,Local_AS,Local_IP,Local_Interface,Confederation,Remote_AS,Remote_IP,Description,Route_Reflector_Client,Cluster_ID,Peer_Group,Import_Policy,Export_Policy,Send_Community,Is_Passive
0,as3core1,default,3,3.10.1.1,,,3,3.1.1.1,,True,3.10.1.1,as3,[],[],True,False
1,as2border1,default,2,10.12.11.2,,,1,10.12.11.1,,False,,as1,['as1_to_as2'],['as2_to_as1'],True,False
2,as2core2,default,2,2.1.2.2,,,2,2.1.3.2,,True,2.1.2.2,as2,[],[],True,False
3,as3border1,default,3,3.1.1.1,,,3,3.10.1.1,,False,,as3,[],[],True,False
4,as2core1,default,2,2.1.2.1,,,2,2.1.3.2,,True,2.1.2.1,as2,[],[],True,False
5,as2core2,default,2,2.1.2.2,,,2,2.1.1.2,,True,2.1.2.2,as2,[],[],True,False
6,as2core2,default,2,2.1.2.2,,,2,2.1.3.1,,True,2.1.2.2,as2,[],[],True,False
7,as2core1,default,2,2.1.2.1,,,2,2.1.1.2,,True,2.1.2.1,as2,[],[],True,False
8,as2core1,default,2,2.1.2.1,,,2,2.1.3.1,,True,2.1.2.1,as2,[],[],True,False
9,as2core2,default,2,2.1.2.2,,,2,2.1.1.1,,True,2.1.2.2,as2,[],[],True,False
10,as1border1,default,1,,,,555,5.6.7.8,,False,,xanadu,[],[],False,False
11,as2core1,default,2,2.1.2.1,,,2,2.1.1.1,,True,2.1.2.1,as2,[],[],True,False
12,as1border2,default,1,10.13.22.1,,,3,10.13.22.3,,False,,as3,['as3_to_as1'],['as1_to_as3'],True,False
13,as1border1,default,1,,,,666,3.2.2.2,,False,,bad-ebgp,[],[],False,False
14,as2dist1,default,2,2.34.101.3,,,65001,2.34.101.4,,False,,dept,['dept_to_as2dist'],['as2dist_to_dept'],True,False
15,as3border1,default,3,10.23.21.3,,,2,10.23.21.2,,False,,as2,['as2_to_as3'],['as3_to_as2'],True,False
16,as3core1,default,3,3.10.1.1,,,3,3.2.2.2,,True,3.10.1.1,as3,[],[],True,False
17,as3border2,default,3,10.13.22.3,,,1,10.13.22.1,,False,,as1,['as1_to_as3'],['as3_to_as1'],True,False
18,as2dept1,default,65001,2.34.101.4,,,2,2.34.101.3,,False,,as2,['as2_to_dept'],['dept_to_as2'],True,False
19,as1border1,default,1,10.12.11.1,,,2,10.12.11.2,,False,,as2,['as2_to_as1'],['as1_to_as2'],True,False
20,as2border2,default,2,2.1.1.2,,,2,2.1.2.1,,False,,as2,[],[],True,False
21,as1core1,default,1,1.10.1.1,,,1,1.2.2.2,,True,1.10.1.1,as1,[],[],True,False
22,as2dist2,default,2,2.34.201.3,,,65001,2.34.201.4,,False,,dept,['dept_to_as2dist'],['as2dist_to_dept'],True,False
23,as2border1,default,2,2.1.1.1,,,2,2.1.2.2,,False,,as2,[],[],True,False
24,as2border1,default,2,2.1.1.1,,,2,2.1.2.1,,False,,as2,[],[],True,False
25,as2border2,default,2,2.1.1.2,,,2,2.1.2.2,,False,,as2,[],[],True,False
26,as3border2,default,3,3.2.2.2,,,3,3.10.1.1,,False,,as3,[],[],True,False
27,as2dept1,default,65001,2.34.201.4,,,2,2.34.201.3,,False,,as2,['as2_to_dept'],['dept_to_as2'],True,False
28,as2border2,default,2,10.23.21.2,,,3,10.23.21.3,,False,,as3,['as3_to_as2'],['as2_to_as3'],True,False
29,as2dist1,default,2,2.1.3.1,,,2,2.1.2.2,,False,,as2,[],[],True,False
30,as1border1,default,1,1.1.1.1,,,1,1.10.1.1,,False,,as1,[],[],True,False
31,as2dist1,default,2,2.1.3.1,,,2,2.1.2.1,,False,,as2,[],[],True,False
32,as2dist2,default,2,2.1.3.2,,,2,2.1.2.2,,False,,as2,[],[],True,False
33,as2dist2,default,2,2.1.3.2,,,2,2.1.2.1,,False,,as2,[],[],True,False
34,as1border2,default,1,10.14.22.1,,,4,10.14.22.4,,False,,as4,['as4_to_as1'],['as1_to_as4'],False,False
35,as1core1,default,1,1.10.1.1,,,1,1.1.1.1,,True,1.10.1.1,as1,[],[],True,False
36,as1border2,default,1,1.2.2.2,,,1,1.10.1.1,,False,,as1,[],[],True,False
