Name,Age,M/F,City,State,Country,Official Time,Overall,Gender,Years Ran
" Kirui, Geoffrey ",24,M,Keringet,,KEN,2:09:37,1,1,
"Rupp, Galen   ",30,M,Portland,OR,USA,2:09:58,2,2,
"Osako, Suguru  ",25,M,Machida-City,,JPN,2:10:28,3,3,
"Biwott, Shadrack",32,M,Mammoth Lakes,CA,USA,2:12:08,4,4,
"Chebet, Wilson",31,M,Marakwet,,KEN,2:12:35,5,5,2015
"Abdirahman, Abdi",40,M,Phoenix,AZ,USA,2:12:45,6,6,
"Maiyo, Augustus K.",33,M,Colorado Springs,CO,USA,2:13:16,7,7,
"Sefir, Dino",28,M,Addis Ababa,,ETH,2:14:26,8,8,
"Puskedra, Luke",27,M,Eugene,OR,USA,2:14:45,9,9,
"Ward, Jared",28,M,Kaysville,UT,USA,2:15:28,10,10,
"Quigley, Sean",32,M,Braintree,MA,USA,2:15:34,11,11,
"Tsegay, Yemane",32,M,Addis Ababa,,ETH,2:16:47,12,12,
"Keflezighi, Meb",41,M,San Diego,CA,USA,2:17:00,13,13,2015
"Nyasango, Cutbert",34,M,Harara,,ZIM,2:17:40,14,14,2016
"Korir, Wesley",34,M,Kitale,,KEN,2:18:14,15,15,2015:2016
"Puzey, Thomas R.",32,M,Flagstaff,AZ,USA,2:18:20,16,16,
"Kisri, Rachid",41,M,Briarcliff Manor,NY,USA,2:18:32,17,17,
"Mutai, Emmanuel",32,M,Lessos,,KEN,2:19:33,18,18,
"Ndhlovu, Pardon",29,M,Vilas,NC,USA,2:20:12,19,19,
"Harvey, Brian",29,M,Boston,MA,USA,2:20:18,20,20,
"Kiplagat, Edna",37,F,Uasin Gishu,,KEN,2:21:52,21,1,
"Chipsiya, Christopher K.",42,M,Zacatecas,,MEX,2:22:20,22,21,
"Mindel, Scott",30,M,Arlington,MA,USA,2:22:32,23,22,
"Chelimo, Rose",27,F,Manama,,BRN,2:22:51,24,2,
"Hasay, Jordan",25,F,Beaverton,OR,USA,2:23:00,25,3,
"Place, Ryan J",31,M,Cambridge,MA,USA,2:23:05,26,23,
"Humphrey, Luke",36,M,Beverly Hills,MI,USA,2:23:12,27,24,
"Ashe, Eric",28,M,Boston,MA,USA,2:23:26,28,25,
"Thompson, Christian C.",28,M,Chattanooga,TN,USA,2:23:51,29,26,
"Maravilla, Jorge",39,M,Mill Valley,CA,USA,2:24:27,30,27,2016
"Ornelas, Zachary",25,M,Ann Arbor,MI,USA,2:24:40,31,28,2015:2016
"Ayr, Jason M.",29,M,Allston,MA,USA,2:24:49,32,29,2015:2016
"Morgan, Mike",37,M,Rochester Hills,MI,USA,2:25:02,33,30,
"Linden, Desiree",33,F,Washington,MI,USA,2:25:06,34,4,2015
"Pierce, Keith",36,M,Lewisville,TX,USA,2:25:06,35,31,
"Martins, Cesar A.",45,M,Sao Paulo - Sp,,BRA,2:25:15,36,32,2016
"Vangampleare, Stephen",26,M,Colorado Springs,CO,USA,2:25:35,37,33,2015:2016
"Loeffler, Eric",40,M,Minneapolis,MN,USA,2:26:00,38,34,
"Carpenter, Joseph K.",27,M,Cambridge,MA,USA,2:26:40,39,35,
"Fransen, Bret",35,M,Phoenix,AZ,USA,2:26:49,40,36,
"Puzey, Jacob",34,M,Calgary,AB,CAN,2:26:52,41,37,
"Kotter, Jonathan B.",32,M,Holladay,UT,USA,2:26:58,42,38,
"Iwasa, Kaito",19,M,Tokyo,,JPN,2:27:11,43,39,
"Cherono, Gladys",33,F,Kericho,,KEN,2:27:20,44,5,
"Wardian, Michael R.",43,M,Arlington,VA,USA,2:27:35,45,40,
"Flaherty, Matthew A.",31,M,Bloomington,IN,USA,2:27:40,46,41,
"Mckay, David",30,M,Washington,DC,USA,2:27:45,47,42,
"Fischer, Matthew",24,M,Brighton,MA,USA,2:28:18,48,43,
"Reaves, Patrick",32,M,Portland,OR,USA,2:28:28,49,44,2016
"Varela, Jonnathan",37,M,Spring,TX,USA,2:28:39,50,45,
"Tropf, Jordan",25,M,Baltimore,MD,USA,2:28:43,51,46,
"Bromka, Peter",35,M,Portland,OR,USA,2:28:44,52,47,
"Bishop, Daniel",26,M,Salt Lake City,UT,USA,2:28:45,53,48,
"Kipketer, Valentine",24,F,Keiyo,,KEN,2:29:35,54,6,2016
"Aguila, Nick",27,M,Manchester,NH,USA,2:29:42,55,49,
"Ohashi, Shinya",23,M,Miyagi,,JPN,2:29:54,56,50,
"Boudalia, Said Sr.",48,M,Belluno,,ITA,2:30:11,57,51,2015:2016
"Taylor, Alexander J.",37,M,Lincoln,MA,USA,2:30:19,58,52,
"Veldhuis, Jeroen",41,M,Amsterdam,,NED,2:30:25,59,53,
"Chichester, Tim",28,M,Hornell,NY,USA,2:30:31,60,54,
"O'Leary, Paddy C",29,M,San Francisco,CA,USA,2:30:34,61,55,
"Wells, Clint",41,M,Boulder,CO,USA,2:30:41,62,56,2016
"Deba, Buzunesh",29,F,Arsi,,ETH,2:30:58,63,7,2015:2016
"Zablocki, Christopher A.",28,M,Essex,CT,USA,2:31:04,64,57,
"Gray, Samuel R.",21,M,Exeter,NH,USA,2:31:10,65,58,
"Gilmore, Peter",27,M,Boston,MA,USA,2:31:13,66,59,
"Fallas Navarro, Juan R.",31,M,Shasta Lake,CA,USA,2:31:19,67,60,
"Thomas, Jason",22,M,Urbandale,IA,USA,2:31:37,68,61,
"Whitty, Fergal M.",41,M,Dublin,,IRL,2:31:37,69,62,
"Kosgei, Brigid",23,F,Kapsait,,KEN,2:31:48,70,8,
"Chiasson, Rejean",33,M,Toronto,ON,CAN,2:31:57,71,63,
"Skurka, Andrew",36,M,Boulder,CO,USA,2:32:01,72,64,
"Turner, Wesley C",30,M,Danville,VA,USA,2:32:06,73,65,2016
"Trimaille, Johan",30,M,Quebec,QC,CAN,2:32:14,74,66,2016
"Nukuri, Diane",32,F,Kigozi,,BDI,2:32:24,75,9,
"Arias Navarro, Aroon H.",29,M,Monterrey Nuevo Leon,,MEX,2:32:24,76,67,
"Ash, Alan",25,M,Atmore,AL,USA,2:32:25,77,68,2015:2016
"Remillard, Charles A.",23,M,Brooklyn,NY,USA,2:32:44,78,69,
"Krieg, Sam D",40,M,Pocatello,ID,USA,2:32:46,79,70,
"Neill, Ian",32,M,Cambridge,MA,USA,2:32:51,80,71,2016
"Clark, Sean",31,M,Glenside,PA,USA,2:33:03,81,72,
"Ellenberger, Michael P",25,M,Chicago,IL,USA,2:33:03,82,73,
"Klecker, Jack R",25,M,Boston,MA,USA,2:33:12,83,74,2015
"Retzlaff, Chris",20,M,Fort Collins,CO,USA,2:33:21,84,75,
"Aga, Ruti",23,F,Guji,,ETH,2:33:26,85,10,
"Kinley, Jordan",32,M,Salem,MA,USA,2:33:27,86,76,
"Ashford, Christopher A",36,M,Birmingham,,GBR,2:33:45,87,77,
"Macdonald, Adrian S.",28,M,Fort Collins,CO,USA,2:33:55,88,78,
"Jones, Mark T",30,M,Boulder,CO,USA,2:33:56,89,79,
"Metzger, David W",30,M,Roslindale,MA,USA,2:34:01,90,80,
"Trammell, Chadwick D.",32,M,Anchorage,AK,USA,2:34:09,91,81,
"Varner, Alexander",31,M,San Rafael,CA,USA,2:34:22,92,82,2015:2016
"Parrott, John",30,M,Restoule,ON,CAN,2:34:30,93,83,
"Vanos, William",45,M,Orlando,FL,USA,2:34:40,94,84,
"Flanagan, Lindsey",26,F,Roselle,IL,USA,2:34:44,95,11,
"Wysong, Jeff",26,M,Chicago,IL,USA,2:34:47,96,85,
"Blas, Wayne",39,M,Lansing,KS,USA,2:34:49,97,86,2016
"Herrick, Danna",30,F,Shelby Township,MI,USA,2:34:53,98,12,
"Kuchwara, Sam N.",25,M,Dickson City,PA,USA,2:35:03,99,87,
"Roach, Adam D",33,M,Pebble Beach,CA,USA,2:35:15,100,88,
"Stone, Chris C.",36,M,Edmonton,AB,CAN,2:35:26,101,89,2015
"Cox, Ryan",26,M,Anchorage,AK,USA,2:35:40,102,90,
"Nurse, Ian",39,M,Brookline,MA,USA,2:35:41,103,91,
"Byers, Scott E",36,M,Miami,FL,USA,2:35:44,104,92,
"Kirk, Jacob D",24,M,Anchorage,AK,USA,2:35:49,105,93,2016
"Kai, Hiroki",22,M,Tokyo,,JPN,2:35:51,106,94,
"Freudenberger, Holger U. III",40,M,Bad Rappenau,,GER,2:35:58,107,95,
"Wimmer, Nicholas",26,M,Minneapolis,MN,USA,2:36:01,108,96,
"Thor, Matthew",30,M,Chicago,IL,USA,2:36:07,109,97,
"Atkins, Esther",30,F,Greenville,SC,USA,2:36:11,110,13,
"Klein, Patrick J",28,M,Prairie Du Chien,WI,USA,2:36:12,111,98,
"Roche, Nicholas N.",23,M,Portland,OR,USA,2:36:18,112,99,
"Grosskopf, Johannes S.",30,M,Schwaebisch Gmuend,,GER,2:36:25,113,100,
"Mclaughlin, Pat",27,M,Maple Glen,PA,USA,2:36:28,114,101,
"McMahan, Dot",40,F,Oakland Township,MI,USA,2:36:28,115,14,
"Dixon, Brian L",25,M,Saint Louis,MO,USA,2:36:29,116,102,
"Dixon, David",25,M,Cleveland,OH,USA,2:36:29,117,103,
"McWalters, Teresa",32,F,San Francisco,CA,USA,2:36:30,118,15,
"Hyland, Sean P.",32,M,Andover,MA,USA,2:36:33,119,104,2015:2016
"Groner, Roberta",39,F,Randolph,NJ,USA,2:36:33,120,16,2015:2016
"Sherf, Aaron",27,M,Norman,OK,USA,2:36:36,121,105,
"Shold, Kristopher",36,M,Jacksonville,FL,USA,2:36:40,122,106,
"Rieger, Cameron",25,M,Chicago,IL,USA,2:36:41,123,107,
"Engtrakul, Chaiwat",40,M,Louisville,CO,USA,2:36:47,124,108,2015:2016
"Cater-Cyker, Zach",32,M,Houston,TX,USA,2:36:48,125,109,2015:2016
"Cook, Andrew W.",36,M,Flower Mound,TX,USA,2:36:57,126,110,
"Hansen, Tyler",35,M,Santa Barbara,CA,USA,2:36:57,127,111,
"Norcross, Robert A III",35,M,Mansfield,MA,USA,2:37:00,128,112,2016
"Pineda Morales, Guillermo Sr.",44,M,Ridgewood,NY,USA,2:37:01,129,113,
"Guldan, Ryan W",33,M,Denver,CO,USA,2:37:11,130,114,2016
"Mcmillan, Erik D",19,M,Usaf Academy,CO,USA,2:37:15,131,115,
"Legg, Hayden B",26,M,Columbia,MO,USA,2:37:22,132,116,
"Hunter, Iain",45,M,Provo,UT,USA,2:37:28,133,117,
"Dimoff, Carrie",33,F,Portland,OR,USA,2:37:30,134,17,
"Aghegnehu, Abinazer",31,M,Los Altos,CA,USA,2:37:32,135,118,
"Cutter, Patrick D",28,M,Rochester,NY,USA,2:37:34,136,119,
"Kurtz, Jordan H",21,M,Vacaville,CA,USA,2:37:47,137,120,
"Serafini, Louis",25,M,Brighton,MA,USA,2:37:49,138,121,
"Saulnier, Emmett",21,M,Charlottesville,VA,USA,2:37:51,139,122,2015
"Penny, J A",29,M,Johnson City,TN,USA,2:37:51,140,123,2015
"Alban, Bradley",28,M,Johnson City,TN,USA,2:37:52,141,124,2016
"Tooley, Michael",35,M,Richmond,VA,USA,2:38:02,142,125,
"Brigham, Nathan E",34,M,Baltimore,MD,USA,2:38:05,143,126,
"Steidl, Uli",45,M,Seattle,WA,USA,2:38:06,144,127,
"Klosterhoff, Brett S",25,M,Atlanta,GA,USA,2:38:15,145,128,
"Quesnell, Michael",23,M,Madison,WI,USA,2:38:15,146,129,
"Castro, Spencer C.",28,M,Salt Lake City,UT,USA,2:38:18,147,130,
"Costello, Liz",29,F,Brighton,MA,USA,2:38:21,148,18,
"Mccormick, Marty",36,M,Arlington,VA,USA,2:38:24,149,131,
"Hillyard, Matthew",30,M,Sunnyvale,CA,USA,2:38:26,150,132,2015:2016
"Spangler, Allan R",30,M,Anchorage,AK,USA,2:38:30,151,133,
"Broadbent, Logan",29,M,Cleveland,OH,USA,2:38:31,152,134,
"Tissue, Jeffrey R",27,M,Denver,CO,USA,2:38:33,153,135,2016
"Ross, Jerome",41,M,Anchorage,AK,USA,2:38:36,154,136,2015:2016
"Trudel, Samuel",27,M,Montreal,QC,CAN,2:38:37,155,137,
"Leishman, Eric S",26,M,Chapleau,ON,CAN,2:38:37,156,138,
"Achmuller, Hermann",46,M,Brixen,,ITA,2:38:40,157,139,
"Duhon, Madeline",28,F,Cambridge,MA,USA,2:38:44,158,19,
"Munoz Garcia, Javier",33,M,Albacete,,ESP,2:38:44,159,140,
"Philbrook, Lauren",29,F,Auburn,AL,USA,2:38:48,160,20,2015
"Robinson, Knox",42,M,Brooklyn,NY,USA,2:38:48,161,141,2015:2016
"Capps, Christopher",26,M,Charlotte,NC,USA,2:38:51,162,142,
"McArthur, Scott D.",27,M,Cambridge,MA,USA,2:38:53,163,143,2016
"Graves, Nicholas",21,M,San Francisco,CA,USA,2:38:57,164,144,
"Yitref, Gedion",27,M,Evanston,IL,USA,2:38:59,165,145,2015:2016
"Siqueiros, Carlos A",36,M,San Jose,CA,USA,2:38:59,166,146,
"Rangel, Elenilton V.",43,M,Ribeirao Preto,,BRA,2:39:02,167,147,
"Urbanski, Matthew",36,M,Seattle,WA,USA,2:39:13,168,148,2016
"Piper, Paul J",35,M,London,,GBR,2:39:13,169,149,2015
"Deeg, Thomas J",36,M,Marstons Mills,MA,USA,2:39:16,170,150,2015:2016
"Klastava, Nicholas",35,M,Perry Hall,MD,USA,2:39:19,171,151,
"Wiersum, Matthew J",29,M,Minneapolis,MN,USA,2:39:23,172,152,
"Huwe, Kevin",30,M,Chattanooga,TN,USA,2:39:29,173,153,
"Bedbury, Nick",28,M,East Syracuse,NY,USA,2:39:30,174,154,2015
"Pierce, Clayton J.",25,M,Boston,MA,USA,2:39:32,175,155,2015:2016
"Heun, Aaron J",33,M,Broomfield,CO,USA,2:39:32,176,156,
"Miller, James L",25,M,Oak Ridge,TN,USA,2:39:33,177,157,
"Tongue, Patrick K.",28,M,Zeiningen,,SUI,2:39:36,178,158,
"Samland, Marc C",23,M,Cambridge,MA,USA,2:39:38,179,159,
"Kyereme, Kojo",42,M,Epsom,,GBR,2:39:39,180,160,
"Zhou, Fan",28,M,Boston,MA,USA,2:39:40,181,161,2015:2016
"Kuehler, Jon",29,M,Denver,CO,USA,2:39:48,182,162,2015:2016
"Battoo, Christopher",29,M,Boston,MA,USA,2:39:54,183,163,2015:2016
"Hudson, Jay D",37,M,Rockville,MD,USA,2:39:55,184,164,
"Fowler, Brian D",35,M,Raleigh,NC,USA,2:39:57,185,165,
"Irwin, Cory",27,M,Columbus,OH,USA,2:39:57,186,166,
"Landau, Kate",40,F,Tacoma,WA,USA,2:40:02,187,21,
"Sloan, Ryan S",29,M,Jacksonville,FL,USA,2:40:03,188,167,
"Savard-Gagnon, David",35,M,Baie-St-Paul,QC,CAN,2:40:04,189,168,
"Baysa, Atsede",30,F,Liteshoa,,ETH,2:40:07,190,22,2016
"Lindenauer, Jon",29,M,N. Billerica,MA,USA,2:40:17,191,169,
"Law, Jacob B",27,M,Louisville,KY,USA,2:40:18,192,170,
"Craigie, Eoin",38,M,Montreal,QC,CAN,2:40:19,193,171,
"Young, Paul S.",25,M,Normandy Park,WA,USA,2:40:23,194,172,
"List, Jay",40,M,Amherst,NY,USA,2:40:32,195,173,2015:2016
"Cichon, Scott G.",31,M,Pittsburg,KS,USA,2:40:33,196,174,2016
"Eles, Stephen A",37,M,Houghton,MI,USA,2:40:36,197,175,
"Johnson, Jim",39,M,Madison,NH,USA,2:40:37,198,176,2015
"Teigen, Sam D",42,M,Hawthorne,NJ,USA,2:40:39,199,177,
"Guzick, William F",28,M,Boston,MA,USA,2:40:43,200,178,
"Burk, Bryan T",26,M,Spring Arbor,MI,USA,2:40:44,201,179,
"Medd, Steven",38,M,Houghton-Le-Spring,,GBR,2:40:45,202,180,
"Caron, Patrick",19,M,Needham,MA,USA,2:40:45,203,181,
"Cifuentes Fetiva, Miguel Angel Sr.",38,M,Bogota,,COL,2:40:46,204,182,2015
"Woodle, Brent",32,M,Carrollton,TX,USA,2:40:48,205,183,
"Curley, Stephen",24,M,Norwood,MA,USA,2:40:54,206,184,
"Finlay, Gavin",37,M,Durham,NC,USA,2:40:58,207,185,
"Hoogkamer, Wouter",35,M,Longmont,CO,USA,2:41:03,208,186,
"Post, Jann",36,M,Raaholt,,NOR,2:41:03,209,187,
"Chaisson, Stan",34,M,Charlottetown,PE,CAN,2:41:15,210,188,2016
"Hannah, Rachel",30,F,Toronto,ON,CAN,2:41:22,211,23,
"Keller, Andrew C",28,M,Wayne,PA,USA,2:41:26,212,189,2015
"Dolney, Daniel",34,M,Chicago,IL,USA,2:41:30,213,190,2015:2016
"Wojciechowski, Sebastian",33,M,Warszawa,,POL,2:41:31,214,191,
"Mcafee, Jack",33,M,Knoxville,TN,USA,2:41:35,215,192,
"Butcher, John",23,M,Mahomet,IL,USA,2:41:37,216,193,2015
"Farmer, Stuart M.",40,M,London,,GBR,2:41:39,217,194,
"Leonard, Matthew",26,M,Higginsville,MO,USA,2:41:41,218,195,
"Bedoya, David",40,M,Somerville,MA,USA,2:41:44,219,196,2016
"Kardous, Pierre",28,M,Marseille,,FRA,2:41:45,220,197,
"Meigs, Tim",50,M,Raleigh,NC,USA,2:41:48,221,198,2015
"Woodford, Patrick",24,M,Roanoke,VA,USA,2:41:48,222,199,
"Cancre, Felix L",22,M,Lexington,MA,USA,2:41:55,223,200,2016
"Leone, Simo",28,M,Skokie,IL,USA,2:41:57,224,201,2016
"Rouse, Matthew",31,M,San Diego,CA,USA,2:41:58,225,202,
"Truesdell, Carson W",21,M,Grand Blanc,MI,USA,2:42:00,226,203,2016
"Aldrich, Micah J",27,M,Indianapolis,IN,USA,2:42:02,227,204,
"Schuler, Eric",23,M,Laurel,MD,USA,2:42:08,228,205,
"Madrigal, Benjamin",30,M,Madera,CA,USA,2:42:13,229,206,2015
"Hall, Matt",44,M,London,,GBR,2:42:15,230,207,2016
"Corno, Hilary",41,F,Encinitas,CA,USA,2:42:16,231,24,
"Ovsyannikov, Sergey",38,M,Perm,,RUS,2:42:17,232,208,
"Seifert, Matthew",30,M,Shawnee,KS,USA,2:42:18,233,209,
"Kivett, Lewis",34,M,Evansville,IN,USA,2:42:22,234,210,
"Sullivan, Harrison",23,M,Washington,DC,USA,2:42:24,235,211,
"Meier, Fabian",32,M,Aarau,,SUI,2:42:25,236,212,
"Lok, Ryan",26,M,Oakland,CA,USA,2:42:27,237,213,
"Beamer, Matthew M",29,M,Chicago,IL,USA,2:42:30,238,214,
"Laskowski, Conrad J",30,M,Gaithersburg,MD,USA,2:42:33,239,215,
"Rosinski, Steve",31,M,Charlottesville,VA,USA,2:42:34,240,216,
"Rasmussen, Erik C",41,M,Wilmington,NC,USA,2:42:35,241,217,
"White, Erick",24,M,Atlanta,GA,USA,2:42:35,242,218,
"Campos Reyes, Jesus A.",32,M,Fresno,CA,USA,2:42:37,243,219,
"Lloyd, James",24,M,San Diego,CA,USA,2:42:38,244,220,2016
"Lohr, Alexander R.",29,M,Portland,OR,USA,2:42:40,245,221,
"Bell, Samuel",40,M,Beavercreek,OH,USA,2:42:42,246,222,2016
"Jackson, James P",27,M,Denver,CO,USA,2:42:43,247,223,
"Reilly, Jason T.",34,M,East Greenwich,RI,USA,2:42:43,248,224,2016
"Wegener, Joel D",43,M,Minneapolis,MN,USA,2:42:45,249,225,2015:2016
"Smith, Shane P.",26,M,Seattle,WA,USA,2:42:47,250,226,
"Bowen, Caleb",23,M,Culloden,WV,USA,2:42:48,251,227,
"Outlaw, Robert A.",39,M,Chattanooga,TN,USA,2:42:48,252,228,
"Legh, Christopher P.",44,M,Lyons,CO,USA,2:42:55,253,229,
"Fitzpatrick, Michael J",39,M,Boston,MA,USA,2:42:56,254,230,2016
"Samarin, Alex",30,M,San Diego,CA,USA,2:42:56,255,231,
"Bain, Christopher",39,M,Cabin John,MD,USA,2:42:56,256,232,2015:2016
"Rose, Jordan",29,M,New York,NY,USA,2:42:58,257,233,2016
"Valentine, Eddie",37,M,Portland,OR,USA,2:42:59,258,234,
"Carreira, Mario P Sr.",49,M,Porto,,POR,2:43:01,259,235,
"Donaghy, Roger",38,M,Melrose,MA,USA,2:43:02,260,236,2015:2016
"Hoover, Aaron",35,M,Golden,CO,USA,2:43:09,261,237,
"Allen, Cale",27,M,Denver,CO,USA,2:43:10,262,238,
"Mccarty, Van IV",46,M,San Luis Obispo,CA,USA,2:43:13,263,239,
"Saviano, Louis L. III",26,M,Sandown,NH,USA,2:43:13,264,240,
"Howell, Jason A",34,M,Newburgh,IN,USA,2:43:14,265,241,2015:2016
"Reisenauer, Matthew",28,M,Seattle,WA,USA,2:43:14,266,242,2015:2016
"McNamara, Brian",34,M,Cambridge,MA,USA,2:43:14,267,243,
"Kurosawa, Kana",25,F,Tokyo,,JPN,2:43:18,268,25,2016
"Rui, Ning",32,M,Gaithersburg,MD,USA,2:43:21,269,244,2015
"Thielman, Michael J",26,M,Manassas,VA,USA,2:43:21,270,245,
"Fraser, Kyle",36,M,West Milwaukee,WI,USA,2:43:21,271,246,2015:2016
"Jackson, Christopher",34,M,Greensboro,NC,USA,2:43:23,272,247,
"Childres, Steven L",25,M,Ellicott City,MD,USA,2:43:29,273,248,
"Paullin, Matthew J.",35,M,Berea,OH,USA,2:43:31,274,249,
"Kaehr, Andrew T.",27,M,Chicago,IL,USA,2:43:34,275,250,2016
"Franken, Christiaan",35,M,Amsterdam,,NED,2:43:35,276,251,
"Dionne, Andrew J",28,M,Syracuse,NY,USA,2:43:35,277,252,
"Haughton, Daniel",27,M,Philadelphia,PA,USA,2:43:38,278,253,2016
"McHaffie, Jake",27,M,Yorba Linda,CA,USA,2:43:41,279,254,
"Waller, Edward",29,M,Newton,MA,USA,2:43:42,280,255,
"Gibson, Audrey L.",24,F,San Francisco,CA,USA,2:43:44,281,26,
"Motta, Ronaldo V. Sr.",37,M,Rio De Janeiro,,BRA,2:43:45,282,256,
"Whitlow, Dustin M",30,M,Arlington,VA,USA,2:43:47,283,257,
"Sprague, Dustin L",42,M,Kettering,OH,USA,2:43:48,284,258,2015
"Roberts, Duncan",41,M,Portland,OR,USA,2:43:50,285,259,2015:2016
"Ritchie, Tom C Jr.",43,M,Anchorage,AK,USA,2:43:51,286,260,
"Bragg, Isaiah L",25,M,Xenia,OH,USA,2:43:52,287,261,
"Robles, Norberto",30,M,Peoria,AZ,USA,2:43:52,288,262,
"Wallace, Jeremy",38,M,Las Vegas,NV,USA,2:43:53,289,263,2016
"Lazo, Reynaldo",35,M,San Jose,,CRC,2:43:54,290,264,
"Hunziker, Eric",47,M,Cincinnati,OH,USA,2:43:54,291,265,2016
"Ames, Tyler",26,M,Columbus,OH,USA,2:43:56,292,266,
"Harmon, Christopher",29,M,Portland,ME,USA,2:43:57,293,267,
"Driver, Ian H",33,M,San Francisco,CA,USA,2:43:58,294,268,
"Hilty, Jonathan B.",34,M,Seattle,WA,USA,2:43:59,295,269,
"Mullikin, Ian",29,M,San Antonio,TX,USA,2:44:00,296,270,
"Puleo, Mark",21,M,Woburn,MA,USA,2:44:02,297,271,
"She, Chunfeng",43,M,Charlotte,NC,USA,2:44:02,298,272,2015:2016
"Lapp, Samuel M",22,M,State College,PA,USA,2:44:03,299,273,
"Smith, Christopher M.",28,M,Denver,CO,USA,2:44:05,300,274,
"McGettigan, Joshua D.",30,M,London,,GBR,2:44:06,301,275,
"Begay, Alvina Y.",36,F,Flagstaff,AZ,USA,2:44:07,302,27,
"Smith, Todd J",42,M,Bristol,VT,USA,2:44:07,303,276,
"Valcke, Tomas L.",41,M,Gent,,BEL,2:44:09,304,277,
"Klucznik, Christopher",34,M,Needham,MA,USA,2:44:11,305,278,
"Rayner, Kenny",26,M,Arlington,VA,USA,2:44:16,306,279,2015
"Lanning, Jerry A",22,M,Fort Collins,CO,USA,2:44:24,307,280,
"Zuniga Ruiz, Esteban",31,M,San Jose,,CRC,2:44:25,308,281,
"Davidson, Terry",45,M,Randolph,NJ,USA,2:44:27,309,282,2015:2016
"Wieker, Luke M",27,M,Stillwater,MN,USA,2:44:30,310,283,
"Rabe, Michael",37,M,Anchorage,AK,USA,2:44:31,311,284,
"Pfander, C Adam",23,M,Brookline,MA,USA,2:44:32,312,285,
"Krebs, Justin",42,M,York,PA,USA,2:44:32,313,286,
"Buckingham, Todd",28,M,East Lansing,MI,USA,2:44:32,314,287,2016
"Thomas, Malcolm",36,M,Boston,MA,USA,2:44:32,315,288,2015
"Ernst, Ekkehard",44,M,Petit Lancy,,SUI,2:44:33,316,289,2015
"Mercier, Christian",42,M,Quebec,QC,CAN,2:44:34,317,290,2015:2016
"Carroll, Matt J.",32,M,Auckland,,NZL,2:44:34,318,291,
"Conklin, Eric M",28,M,Cornelius,NC,USA,2:44:34,319,292,
"Selters, Clark",26,M,Claremont,CA,USA,2:44:34,320,293,
"Nishimura, Akira",41,M,Ann Arbor,MI,USA,2:44:34,321,294,2015:2016
"Girard, Mathieu",37,M,Montréal,QC,CAN,2:44:35,322,295,2015:2016
"Kilbourne, Michael",39,M,Augusta,GA,USA,2:44:39,323,296,
"Tomaszewski, Jeffrey",42,M,Coronado,CA,USA,2:44:39,324,297,
"Calavan, Brian",32,M,San Francisco,CA,USA,2:44:44,325,298,
"Pommier, Jean",53,M,Cupertino,CA,USA,2:44:50,326,299,
"Fernandez, Douglas",56,M,Richmond,VA,USA,2:44:52,327,300,
"Ozahowski, Matt",31,M,Thetford,VT,USA,2:44:52,328,301,2015
"Montoya, Alvaro Sr.",36,M,Chicago,IL,USA,2:44:53,329,302,2015
"Lopez Borboy, Alfredo",34,M,Lima,,PER,2:44:55,330,303,
"Goris, Fred P",29,M,New York,NY,USA,2:44:56,331,304,2016
"Jordan, Zack",23,M,Ball Ground,GA,USA,2:45:00,332,305,2016
"Krall, David",36,M,Madison,WI,USA,2:45:00,333,306,2016
"Costello, Daniel A.",21,M,Hayle,,GBR,2:45:03,334,307,
"Harder, Tim",31,M,Somerville,MA,USA,2:45:05,335,308,2015:2016
"Cueto, Rafael",52,M,Santo Domingo,,DOM,2:45:10,336,309,
"Plennevaux, Eric",42,M,Marcy L'Etoile,,FRA,2:45:11,337,310,
"Talhelm, Alan F.",35,M,Durham,NC,USA,2:45:12,338,311,
"Hunter, Dale",37,M,Seattle,WA,USA,2:45:14,339,312,2015
"Schwartzbard, Aaron",39,M,Washington,DC,USA,2:45:16,340,313,2015:2016
"Widtfeldt, Daniel",29,M,Dallas,TX,USA,2:45:21,341,314,2015
"De Samaniego Steta, Fernando",32,M,San Francisco,CA,USA,2:45:22,342,315,
"Reynolds, Bryn P.",29,M,London,,GBR,2:45:22,343,316,
"Calzetta, Christopher",35,M,Monterey,CA,USA,2:45:22,344,317,
"Takano, Walter Sr.",47,M,Lima,,PER,2:45:22,345,318,2016
"Scoville, Morgan B.",34,M,Houston,TX,USA,2:45:24,346,319,2015:2016
"Mendoza, Eric",32,M,Dorchester,MA,USA,2:45:24,347,320,2015
"Blackwell, Ian A",30,M,Arlington,VA,USA,2:45:25,348,321,
"Kardous, Pascal",30,M,Paris,,FRA,2:45:27,349,322,
"Bell, Patrick",47,M,Richmond,VA,USA,2:45:27,350,323,2015:2016
"Parton, Nicholas",31,M,Colorado Springs,CO,USA,2:45:31,351,324,
"Preslar, Matt L",44,M,Cloudcroft,NM,USA,2:45:33,352,325,
"Krieche, Issam",47,M,Mansfield,MA,USA,2:45:34,353,326,2015:2016
"Vanderven, Ian",26,M,Skaneateles,NY,USA,2:45:35,354,327,
"Atkins, Benjamin",43,M,Westlake Village,CA,USA,2:45:35,355,328,
"Theard, Jean-Baptiste",35,M,London,,GBR,2:45:35,356,329,2015
"Castillo, Franklin A. Sr.",32,M,"Doral, Florida",,PAN,2:45:37,357,330,
"Sarkovics, Rodney",46,M,Fishers,IN,USA,2:45:38,358,331,
"Stucky, Raquel",41,F,Wichita,KS,USA,2:45:39,359,28,
"Morlan, Bruno",27,M,Brea,CA,USA,2:45:40,360,332,2015
"Ginnan, Ken",39,M,Vancouver,BC,CAN,2:45:43,361,333,
"Christie, Robert",44,M,Geneseo,NY,USA,2:45:43,362,334,2015:2016
"Landeo Carranza, Oliver Sr.",32,M,Lima,,PER,2:45:44,363,335,
"Wyler, Eric",28,M,Watertown,MA,USA,2:45:44,364,336,2015
"Ferrari, Diego M. Sr.",30,M,Sao Paulo,,BRA,2:45:44,365,337,
"Gardner, Preston",39,M,Centerville,UT,USA,2:45:45,366,338,2015:2016
"Doucet, Shelley A",33,F,Quispamsis,NB,CAN,2:45:46,367,29,2016
"Pearson, Neil F.",44,M,Leichhardt,,AUS,2:45:47,368,339,2016
"Ryan, Jamaal",40,M,San Diego,CA,USA,2:45:49,369,340,
"Mullen, Jay",32,M,Anchorage,AK,USA,2:45:52,370,341,
"Dorval, Guy",56,M,Quebec,QC,CAN,2:45:53,371,342,2016
"Moreau, Louis",24,M,Boulogne-Billancourt,,FRA,2:45:54,372,343,
"Jahn, Corbyn N.",26,M,Anchorage,AK,USA,2:45:55,373,344,
"Perkins, Jerome",26,M,Centennial,CO,USA,2:45:58,374,345,
"Uchiki, Tomoaki",43,M,Saitama,,JPN,2:45:59,375,346,2016
"Susmann, Austin",31,M,Wellesley,MA,USA,2:46:00,376,347,
"Kress, Stephen",31,M,New York,NY,USA,2:46:01,377,348,
"Brewer, Bo",28,M,Dunwoody,GA,USA,2:46:05,378,349,
"Schmitt, Craig P",38,M,Red Deer,AB,CAN,2:46:09,379,350,
"Strandby, Brian B.",40,M,Kolding,,DEN,2:46:11,380,351,
"Mcquade, Colin",41,M,Riverview,NB,CAN,2:46:13,381,352,
"Phillips, Caitlin",34,F,Brooklyn,NY,USA,2:46:14,382,30,
"Reichard, Henry E",20,M,Woodsboro,MD,USA,2:46:14,383,353,
"Hesselbjerg, Anders R.",33,M,2200 Copenhagen N.,,DEN,2:46:15,384,354,
"Sanabria, Leonardo E.",46,M,Bogota,,COL,2:46:16,385,355,
"Vizcarra, Carlos H",43,M,Los Angeles,CA,USA,2:46:19,386,356,
"Mcevoy, Andrew R",46,M,Melbourne,,AUS,2:46:20,387,357,
"Shimoda, Ryuzo",33,M,Tokyo,,JPN,2:46:20,388,358,
"Syed, Aaqib",21,M,West Point,NY,USA,2:46:21,389,359,
"Burke, Tyler J",32,M,Washington,DC,USA,2:46:21,390,360,
"Ashby, Robert S",48,M,Brunswick,ME,USA,2:46:22,391,361,2015:2016
"Callahan, Patrick M.",44,M,Needham,MA,USA,2:46:22,392,362,2015:2016
"Morrison, Michael S",42,M,Lincoln,NE,USA,2:46:22,393,363,2015:2016
"Jones, Matthew",28,M,London,,GBR,2:46:23,394,364,
"Galaviz, Jose F.",53,M,Monterrey,,MEX,2:46:25,395,365,
"Zappala, Dante",41,M,Philadelphia,PA,USA,2:46:25,396,366,2015:2016
"Vanderwoude, Darryl E.",29,M,Edmonton,AB,CAN,2:46:27,397,367,
"Knight, Steven J.",32,M,Mudgee,,AUS,2:46:28,398,368,
"Cyganik, Jonathan",24,M,Boston,MA,USA,2:46:31,399,369,
"Aono, Hiromasa",35,M,Arlington,MA,USA,2:46:32,400,370,
"Waite, Steven T.",26,M,Fresno,CA,USA,2:46:33,401,371,
"Wiegand, Robert H Jr.",39,M,Chicago,IL,USA,2:46:35,402,372,
"Bazeille, Sebastien",35,M,Cabries,,FRA,2:46:35,403,373,
"Mccauley, Sean",25,M,Canterbury,NH,USA,2:46:39,404,374,
"Orlando, Matthew P",24,M,Boston,MA,USA,2:46:39,405,375,
"Ratliff, Alex J",22,M,Macomb,MI,USA,2:46:40,406,376,
"Smith, Zachery",22,M,Phoenix,AZ,USA,2:46:44,407,377,
"Canan, Mike",36,M,Cincinnati,OH,USA,2:46:47,408,378,
"Whitcraft, Joshua D.",32,M,New York,NY,USA,2:46:48,409,379,
"Manning, Aaron",23,M,Toronto,ON,CAN,2:46:49,410,380,
"Gonzalez, Manuel A",27,M,Cambridge,MA,USA,2:46:50,411,381,2016
"Mckinley, Kyle W",20,M,Stillwater,OK,USA,2:46:50,412,382,
"Anderson, Aaron L",33,M,Germantown,MD,USA,2:46:52,413,383,2015
"Bowie, Nikolas S",29,M,Cambridge,MA,USA,2:46:53,414,384,
"Diamond, Anthony",26,M,Philadelphia,PA,USA,2:46:53,415,385,2015:2016
"Hartje, William",24,M,Neptune Beach,FL,USA,2:46:56,416,386,
"Ollinger, Patrick",29,M,Decatur,GA,USA,2:46:56,417,387,2015:2016
"Thirumurthy, Harsha",40,M,Chapel Hill,NC,USA,2:46:59,418,388,
"Andre, Stephanie",34,F,Bixby,OK,USA,2:47:00,419,31,
"Mcclung, Joshua",33,M,Birmingham,AL,USA,2:47:02,420,389,2016
"Mac-Thiong, Jean-Marc",42,M,Mont-Royal,QC,CAN,2:47:03,421,390,2015
"Aitken, Miles",33,M,Washington,DC,USA,2:47:03,422,391,2015:2016
"Hamel, Derrick J.",33,M,Northwood,NH,USA,2:47:03,423,392,
"Huberty, Bryan",38,M,Miami Beach,FL,USA,2:47:06,424,393,2015:2016
"Coomer, Colin",28,M,Prairie Village,KS,USA,2:47:06,425,394,2016
"Kimura, Jonathan M",36,M,Cupertino,CA,USA,2:47:06,426,395,
"Couture, Nathaniel",36,M,Fredericton,NB,CAN,2:47:07,427,396,2015:2016
"Nesbitt, Drew T",32,M,Lancaster,PA,USA,2:47:08,428,397,
"Groudle, Alan M",33,M,Lewiston,ME,USA,2:47:14,429,398,
"Adams, William C",33,M,Arlington,VA,USA,2:47:15,430,399,
"Bolanos, Antonio Sr.",27,M,San Jose,,CRC,2:47:16,431,400,2016
"Hamilton, Tyler",27,M,Toronto,ON,CAN,2:47:18,432,401,
"Bin Alias, Mohd Syahidan",29,M,Shah Alam,,MAS,2:47:18,433,402,2015
"Brown, Dave R.",27,M,Washington,DC,USA,2:47:18,434,403,
"Fraioli, Mario Jr.",34,M,Kentfield,CA,USA,2:47:21,435,404,2015
"Park, Jim",50,M,Buffalo,NY,USA,2:47:22,436,405,
"Graysmark, Charles C",43,M,Duluth,MN,USA,2:47:22,437,406,
"Appman, Timothy G",23,M,Pittsburgh,PA,USA,2:47:23,438,407,2016
"Parker, Hugh F",26,M,New York,NY,USA,2:47:24,439,408,
"Reed, Erik",28,M,East Liverpool,OH,USA,2:47:26,440,409,2015:2016
"Hotek, Kiefer K",26,M,Minneapolis,MN,USA,2:47:26,441,410,2016
"Collins, Matt",26,M,New York,NY,USA,2:47:27,442,411,
"Viavattine, Joe R.",22,M,Vadnais Heights,MN,USA,2:47:28,443,412,
"Ochoa, Raul E",41,M,San Mateo,CA,USA,2:47:28,444,413,
"Goodman, John M.",37,M,Birmingham,AL,USA,2:47:28,445,414,
"Gibbs, Ben",34,M,University Heights,OH,USA,2:47:30,446,415,2015
"Baghdadi, Hossein",38,M,Portland,OR,USA,2:47:30,447,416,
"Johnson, Charlie",37,M,Tallahassee,FL,USA,2:47:31,448,417,2016
"Gill, Nadine",25,F,Berlin,,GER,2:47:31,449,32,
"Oliveira, Bruno L. Sr.",28,M,São Paulo,,BRA,2:47:32,450,418,
"Carney, Ryne",26,M,Washington,DC,USA,2:47:33,451,419,
"Lesser, Dan",40,M,San Diego,CA,USA,2:47:33,452,420,
"Spellman, John W IV",27,M,Miami,FL,USA,2:47:35,453,421,
"Tenforde, Adam S",36,M,Milton,MA,USA,2:47:36,454,422,2015
"Pires, Corey",21,M,North Easton,MA,USA,2:47:36,455,423,2016
"Bernardi, Alexandra E.",30,F,New York,NY,USA,2:47:37,456,33,
"Cunha, Will",28,M,Pittsburgh,PA,USA,2:47:39,457,424,
"Ilfrey, Campbell",43,M,Louisville,CO,USA,2:47:40,458,425,
"Rego, Christopher",28,M,Colorado Springs,CO,USA,2:47:41,459,426,
"McSween, Matt K.",26,M,Grand Rapids,MI,USA,2:47:41,460,427,
"Coughlin, Benjamin R.",27,M,Holden,MA,USA,2:47:42,461,428,
"Gauthier, Jon",30,M,Salt Lake City,UT,USA,2:47:42,462,429,
"Mathews, Brandon T",32,M,Locust Grove,VA,USA,2:47:43,463,430,
"Waltz, Seth R",36,M,Brighton,MA,USA,2:47:44,464,431,2016
"Koranda, Jeff",31,M,Chicago,IL,USA,2:47:44,465,432,
"Kochanek, Krystian",36,M,Warsaw,,POL,2:47:48,466,433,
"Wallace, Jack",27,M,Richmond,CA,USA,2:47:50,467,434,
"Martinez Solano, Juan Manuel Jr.",28,M,Bogota,,COL,2:47:51,468,435,
"Quinn, Julianne",28,F,Ithaca,NY,USA,2:47:54,469,34,
"Kelley, Daniel",39,M,Lynnfield,MA,USA,2:47:56,470,436,2016
"Autrey, Jonathan",34,M,Memphis,TN,USA,2:47:57,471,437,2015:2016
"Woodring, Seth T",19,M,Fort Collins,CO,USA,2:47:57,472,438,
"Groff, Adam C",40,M,Hanover,NH,USA,2:47:59,473,439,2015:2016
"O'Callaghan, Paul S.",39,M,Tadworth,,GBR,2:47:59,474,440,
"Greenberg, Robert J.",40,M,Victoria,,AUS,2:47:59,475,441,
"Hobbs, Steve",44,M,London,,GBR,2:48:01,476,442,
"Jurkovich, Evan",31,M,Washington,DC,USA,2:48:03,477,443,
"Yanada, Chikara",32,M,Anan Shi,,JPN,2:48:03,478,444,
"Hicks, Stuart",41,M,Eastleigh,,GBR,2:48:06,479,445,
"Ryan, Elizabeth",26,F,Cambridge,MA,USA,2:48:06,480,35,2015
"Sadler, Jeff",28,M,Austin,TX,USA,2:48:13,481,446,
"Camara Ortiz, Cesar Sr.",34,M,Guadalajara Jalisco,,MEX,2:48:15,482,447,
"Critchfield, Byron L.",29,M,Fountain,CO,USA,2:48:17,483,448,
"Halusan, Brian M.",47,M,New York,NY,USA,2:48:18,484,449,
"Acosta, Oscar J. Sr.",29,M,Bogota,,COL,2:48:20,485,450,
"Hampton, Rob",42,M,Allentown,PA,USA,2:48:25,486,451,2016
"Power, Rich M",53,M,Rochester,MI,USA,2:48:25,487,452,2015
"Fernández Jiménez, Luis",32,M,Tres Rios,,CRC,2:48:27,488,453,
"English, Jordan",27,M,Kansas City,MO,USA,2:48:28,489,454,
"Rogers, Taylor W",34,M,London,,GBR,2:48:29,490,455,
"Inniger, Nicholas P",35,M,Rogers,AR,USA,2:48:32,491,456,2016
"Baldwin, Douglas R.",52,M,St. Paul,MN,USA,2:48:32,492,457,2016
"Valicka, Christopher G",33,M,Albuquerque,NM,USA,2:48:33,493,458,2016
"Kloehn, Ian",22,M,Menomonee Falls,WI,USA,2:48:34,494,459,
"Hartstein, Kevin C",27,M,Hanover,NH,USA,2:48:34,495,460,
"King, Travis E.",32,M,Seattle,WA,USA,2:48:35,496,461,
"Scudder, John L",40,M,Apo,AE,USA,2:48:36,497,462,
"Kuhlenschmidt, Bernd",31,M,Geneva,,SUI,2:48:37,498,463,
"Corona, John L.",24,M,Portsmouth,NH,USA,2:48:38,499,464,2016
"Foley, Vivian J.",47,M,Cork,,IRL,2:48:41,500,465,2015
"Moore, Jim",45,M,Austin,TX,USA,2:48:41,501,466,2015:2016
"Davis, Rachel",26,F,Birmingham,AL,USA,2:48:42,502,36,
"Togami, Katsuhiro",39,M,Brookline,MA,USA,2:48:43,503,467,2015:2016
"Kwon, Daniel",30,M,New York,NY,USA,2:48:45,504,468,2016
"Bradley, Scott",33,M,Rochester,NY,USA,2:48:47,505,469,
"Jongh, Robert",45,M,Rijen,,NED,2:48:47,506,470,
"Fisher, Michael D",33,M,Asheville,NC,USA,2:48:48,507,471,
"Colligan, Nora",34,F,Austin,TX,USA,2:48:48,508,37,
"Wang, Xiao",31,M,Seattle,WA,USA,2:48:49,509,472,2015:2016
"Gordyan, Ryan",28,M,Chicago,IL,USA,2:48:50,510,473,2015:2016
"Avalos, Ray A Jr.",33,M,San Jose,CA,USA,2:48:53,511,474,
"Geeraert, Jeroen L.",27,M,Boulder,CO,USA,2:48:53,512,475,
"Sajulga, Felipe Iii L.",35,M,Malaybalay City,,PHI,2:48:56,513,476,
"Synan, Nicholas",26,M,New York,NY,USA,2:48:57,514,477,2016
"Garner, Stephen H IV",27,M,Yarmouthport,MA,USA,2:48:58,515,478,
"Lautzenheiser, Daniel",31,M,Washington,DC,USA,2:48:59,516,479,2015:2016
"Pearson, Blake",38,M,Homewood,AL,USA,2:48:59,517,480,
"Golaszewski, Michal",40,M,Legionowo,,POL,2:49:00,518,481,
"Comite, Daniel O.",28,M,Charleston,SC,USA,2:49:02,519,482,
"Schrandt, Erik J",20,M,Madison,WI,USA,2:49:02,520,483,
"Chesson, Harrell W",48,M,Atlanta,GA,USA,2:49:02,521,484,
"McColl, Noah",29,M,New York,NY,USA,2:49:04,522,485,
"Austin, Jake",25,M,Elliottsburg,PA,USA,2:49:05,523,486,
"Mininger, Norman H",32,M,Lansing,KS,USA,2:49:07,524,487,2016
"Matuszak, Paul M.",30,M,Philadelphia,PA,USA,2:49:08,525,488,
"Coffee, Kyle",26,M,Brighton,MA,USA,2:49:09,526,489,2015:2016
"Swenson, Will",45,M,Andover,MA,USA,2:49:10,527,490,2015:2016
"Mckeel, Scott R",27,M,Grand Haven,MI,USA,2:49:10,528,491,
"Hall, Alden W",47,M,Lebanon,NH,USA,2:49:14,529,492,2015:2016
"Berger, John P",37,M,Minneapolis,MN,USA,2:49:15,530,493,2015:2016
"Begay, Alvin",27,M,Ganado,AZ,USA,2:49:17,531,494,
"Rabasco, Mark T.",22,M,Pittsfield,MA,USA,2:49:17,532,495,
"Freeman, David J.",50,M,Epsom Downs,,GBR,2:49:17,533,496,
"Fukuchi, Yoshinori",46,M,Tokyo,,JPN,2:49:17,534,497,2015:2016
"Lima, Alexsandro S. Sr.",35,M,Salvador,,BRA,2:49:21,535,498,
"Baasch, Douglas",30,M,Jacksonville,FL,USA,2:49:21,536,499,
"Looi, Alexander",28,M,Burlington,VT,USA,2:49:21,537,500,2015
"Sosinski, Jimmy S",34,M,Haymarket,VA,USA,2:49:24,538,501,
"Shingleton, Jeremy",38,M,New York,NY,USA,2:49:24,539,502,
"Fedden, Lee D",35,M,London,,GBR,2:49:24,540,503,
"Richter, Peter W Sr.",44,M,Winston Salem,NC,USA,2:49:24,541,504,
"Albarracin, Diego R Sr.",26,M,Elmhurst,NY,USA,2:49:26,542,505,
"Beckett, Ryan",31,M,Anchorage,AK,USA,2:49:27,543,506,2015
"Bender, Matthew T.",32,M,Baltimore,MD,USA,2:49:27,544,507,
"Alvarez, Recio",37,M,Santiago,,DOM,2:49:28,545,508,
"Leblanc, Daniel",40,M,Dieppe,NB,CAN,2:49:28,546,509,2016
"Ripple, Nolan",23,M,Peoria,AZ,USA,2:49:29,547,510,
"Wilson, Mickey",32,M,Heber,UT,USA,2:49:30,548,511,
"Gallagher, Sean",34,M,Saint Petersburg,FL,USA,2:49:31,549,512,2016
"Gove, Alberto M.",30,M,West Pymble,,AUS,2:49:31,550,513,
"Schmitz, Jake",21,M,West Point,NY,USA,2:49:33,551,514,2015:2016
"Lawyer, Nicholas K",24,M,Columbus,OH,USA,2:49:33,552,515,
"Jackson, Veronica M",30,F,New York,NY,USA,2:49:34,553,38,
"Kosters, Eric S",35,M,Centennial,CO,USA,2:49:35,554,516,2015
"Arend, Robert J.",23,M,Chapel Hill,NC,USA,2:49:36,555,517,2015
"Hansen, Ryan P",29,M,Boston,MA,USA,2:49:36,556,518,
"Daye, Ryan",27,M,Minneapolis,MN,USA,2:49:37,557,519,2015:2016
"Stephens, Jake",24,M,Athens,OH,USA,2:49:38,558,520,
"Mcdonough, Bobby",24,M,Allston,MA,USA,2:49:38,559,521,
"Richardson, Chris",26,M,Aberdeen,,GBR,2:49:38,560,522,
"Keshian, Gregory",30,M,Boston,MA,USA,2:49:39,561,523,2015:2016
"Kearney, Sean",35,M,Ann Arbor,MI,USA,2:49:39,562,524,
"Quinteros, Martin",38,M,Santiago,,CHI,2:49:40,563,525,2015:2016
"Keno, Brian",55,M,Fort Lauderdale,FL,USA,2:49:40,564,526,2015
"Stapenhorst, Guilherme",30,M,Teutônia,,BRA,2:49:40,565,527,
"Martin, Neil E",39,M,Waban,MA,USA,2:49:42,566,528,
"Wilson, Douglas A",35,M,Broomfield,CO,USA,2:49:42,567,529,2016
"Tucker, Aaron",24,M,Claremont,CA,USA,2:49:42,568,530,2016
"Burnett, Clay T.",29,M,San Antonio,TX,USA,2:49:42,569,531,
"Karakoyunlu, Deniz",35,M,Somerville,MA,USA,2:49:43,570,532,2015:2016
"Hoedl, Hanspeter",50,M,Vienna,,AUT,2:49:44,571,533,
"Gates, William E. Jr.",27,M,Maryville,TN,USA,2:49:44,572,534,
"Pita, Javier",37,M,Spokane,WA,USA,2:49:45,573,535,
"Palma, Louis J.",35,M,Hampton,NJ,USA,2:49:47,574,536,
"Onigkeit, James",49,M,Rochester,MN,USA,2:49:48,575,537,2016
"Thorson, Cleve M",36,M,Guelph,ON,CAN,2:49:50,576,538,2016
"Allen, Christopher",28,M,Ventura,CA,USA,2:49:50,577,539,
"Jarvis, Collin",25,M,Vista,CA,USA,2:49:51,578,540,
"Lemelman, Daniel",26,M,Monroe Twp.,NJ,USA,2:49:52,579,541,
"Cobler, Bill",53,M,Salt Lake City,UT,USA,2:49:54,580,542,
"Hallman, Stephen J.",29,M,Langhorne,PA,USA,2:49:56,581,543,
"Orellana, Steve",29,M,Philadelphia,PA,USA,2:49:57,582,544,
"Jensen, Rune B.",43,M,Greve,,DEN,2:49:57,583,545,
"Fagan, Brian",39,M,Pflugerville,TX,USA,2:50:00,584,546,2015:2016
"Stadolnik, Michael",43,M,Plainfield,CT,USA,2:50:00,585,547,2015:2016
"Lagoutte, Julien",33,M,Gif-Sur-Yvette,,FRA,2:50:00,586,548,
"Crossland, Tom",30,M,London,,GBR,2:50:01,587,549,
"Moraine, Olivier",32,M,Montreal,QC,CAN,2:50:02,588,550,
"Alonso, Julian R.",32,M,Bahia Blanca,,ARG,2:50:04,589,551,
"Vajente, Gabriele",36,M,Pasadena,CA,USA,2:50:04,590,552,
"Mckinley, Ian D",34,M,Kamloops,BC,CAN,2:50:05,591,553,
"Bowling, Kyle H.",33,M,Louisville,KY,USA,2:50:06,592,554,
"Leon, Alex",41,M,Chicago,IL,USA,2:50:06,593,555,2015
"Metivier, Ryan A",41,M,Auburn,ME,USA,2:50:06,594,556,
"Sheaff, Spencer T",26,M,San Francisco,CA,USA,2:50:06,595,557,
"Ramirez, Ernesto A",29,M,Naperville,IL,USA,2:50:07,596,558,
"Haskett, Brian",45,M,Tomball,TX,USA,2:50:08,597,559,2016
"Wiberley, Kelsey L.",27,F,Fenton,MI,USA,2:50:11,598,39,
"Mccann, Greg",36,M,Fredericton,NB,CAN,2:50:12,599,560,2015:2016
"Miller, Christopher A",41,M,Radford,VA,USA,2:50:12,600,561,
"Peterson, Alex A.",33,M,Falls Church,VA,USA,2:50:15,601,562,
"Kortman, John",23,M,Indianapolis,IN,USA,2:50:19,602,563,
"Benedik, Jean-Philippe",33,M,Sierck Les Bains,,FRA,2:50:20,603,564,
"Rolfes, Greg",29,M,Philadelphia,PA,USA,2:50:21,604,565,2015
"Vest, Jamie",30,F,Lebanon,MO,USA,2:50:23,605,40,
"Fisher, James A",26,M,Arbutus,MD,USA,2:50:23,606,566,2015:2016
"Morris, Jonathan",37,M,Oklahoma City,OK,USA,2:50:24,607,567,2016
"Berrones, Steve",49,M,Midland,TX,USA,2:50:26,608,568,
"Roulier, Sebastien",43,M,Sherbrooke,QC,CAN,2:50:29,609,569,2015:2016
"Heerensperger, Mark E",38,M,Austin,TX,USA,2:50:30,610,570,2016
"Robertson, Stuart",47,M,Perth,,GBR,2:50:32,611,571,
"Shields, Brian",22,M,Chapel Hill,NC,USA,2:50:33,612,572,
"Ray, Joseph",24,M,Bayport,NY,USA,2:50:34,613,573,
"Johnston, Christoffer",31,M,Summit,NJ,USA,2:50:36,614,574,2015:2016
"Bonvillain, Frederic X",44,M,Lafayette,LA,USA,2:50:37,615,575,2015:2016
"Desharnais, Daniel",50,M,Fossambault-Sur-Le-Lac,QC,CAN,2:50:39,616,576,
"Dill, Jeff",27,M,Vancouver,BC,CAN,2:50:41,617,577,
"Cale, Eric D.",36,M,Chicago,IL,USA,2:50:41,618,578,
"Schramm, Cedric",40,M,Sarreguemines,,FRA,2:50:43,619,579,
"Kellner, John R",35,M,Menominee,MI,USA,2:50:43,620,580,
"Stevens, Ashley",36,M,Amarillo,TX,USA,2:50:44,621,581,
"Eastes, Bryan P",25,M,San Francisco,CA,USA,2:50:44,622,582,
"Adams, Craig",35,M,Bentonville,AR,USA,2:50:45,623,583,2015
"Perez, Christian",23,M,Yuma,AZ,USA,2:50:45,624,584,2015:2016
"Pearson, Benjamin L",24,M,Salt Lake City,UT,USA,2:50:46,625,585,
"Stephenson, Jay P.",36,M,Rome,GA,USA,2:50:47,626,586,
"Ocampo, Rodolfo R.",33,M,Mexico,,MEX,2:50:47,627,587,
"Hola, Tim",42,M,Highlands Ranch,CO,USA,2:50:48,628,588,
"Starbuck, Ryan",32,M,Denver,CO,USA,2:50:48,629,589,2015:2016
"Wong, Kenneth",38,M,Toronto,ON,CAN,2:50:49,630,590,
"Rininger, Bradley T",39,M,Scottsdale,AZ,USA,2:50:50,631,591,2016
"Stewart, Ben",26,M,Minneapolis,MN,USA,2:50:50,632,592,
"Lindsey, Thomas",28,M,Manhattan,KS,USA,2:50:53,633,593,2016
"Chapman, Stephen P",34,M,Ottawa,ON,CAN,2:50:56,634,594,2015
"Zentz, Jesse",41,M,Helena,MT,USA,2:50:56,635,595,
"Kolet, Thijs",36,M,Providence,RI,USA,2:50:56,636,596,2016
"Krusell, Brian",27,M,Braintree,MA,USA,2:50:57,637,597,2016
"Bugbee, Patrick",33,M,Cambridge,MA,USA,2:50:58,638,598,2016
"Roels, Guillaume",38,M,Los Angeles,CA,USA,2:50:59,639,599,2015
"Aramaki, Yuzo",37,M,Cos Cob,CT,USA,2:51:00,640,600,2015
"Fortin, Regis",41,M,Amos,QC,CAN,2:51:01,641,601,
"Cao, Yuming",40,M,Singapore,,SIN,2:51:02,642,602,
"Shirley, Brent",31,M,Encinitas,CA,USA,2:51:03,643,603,
"Curley, Declan",45,M,Chanhassen,MN,USA,2:51:05,644,604,
"Stenger, Eddie",26,M,Woodbury,MN,USA,2:51:05,645,605,
"Weeks, Paul",28,M,Seattle,WA,USA,2:51:05,646,606,
"Hutson, Greg",31,M,St Louis,MO,USA,2:51:10,647,607,2016
"Ruiz Rodriguez, Carlos",39,M,Málaga,,ESP,2:51:10,648,608,
"Duyn, Jeff H.",57,M,Garrett Park,MD,USA,2:51:11,649,609,
"Wogan, Ronan",39,M,"Termonfeckin, Co Louth",,IRL,2:51:14,650,610,
"O'Sullivan, James",32,M,Arvada,CO,USA,2:51:15,651,611,2016
"Cantini, Adam",25,M,Houston,TX,USA,2:51:16,652,612,2015:2016
"Dever, Shaun R",30,M,Brighton,MA,USA,2:51:17,653,613,2015:2016
"Keathley, Franklin",35,M,Charlotte,NC,USA,2:51:17,654,614,
"Richnavsky, Scott",32,M,Maple Grove,MN,USA,2:51:18,655,615,
"Anfimov, Maksim",36,M,Moscow,,RUS,2:51:18,656,616,
"Buck, Nathan",26,M,Portland,ME,USA,2:51:19,657,617,
"Perez, James P.",25,M,Charlotte,NC,USA,2:51:19,658,618,
"Orifice, Michael",31,M,Fairfield,CT,USA,2:51:20,659,619,
"Sandreuter, Stefan B.",22,M,North Yarmouth,ME,USA,2:51:23,660,620,
"Avalos, Anthony B.",29,M,San Jose,CA,USA,2:51:25,661,621,
"O'Donoghue, Graham",38,M,Washington,DC,USA,2:51:26,662,622,
"Skurski, Joseph",25,M,Shorewood,WI,USA,2:51:26,663,623,2016
"Premkumar, Ashish",31,M,Austin,TX,USA,2:51:28,664,624,2016
"Keena, Joshua M.",42,M,West Point,NY,USA,2:51:30,665,625,
"Hotchandani, Timothy",34,M,New York,NY,USA,2:51:31,666,626,
"Blunden, Matthew",37,M,Destin,FL,USA,2:51:33,667,627,
"Gervaix, Francois",46,M,Lausanne,,SUI,2:51:34,668,628,
"Wang, Baoyan",41,M,Wenzhou Zhejiang Province,,CHN,2:51:35,669,629,2016
"Johnson, Harley T",43,M,Urbana,IL,USA,2:51:35,670,630,
"Schmidt, Walter T.",31,M,Marlborough,CT,USA,2:51:38,671,631,
"Lhuissier, Francois",38,M,Paris,,FRA,2:51:39,672,632,
"Bak, Frederik",29,M,Hillerod,,DEN,2:51:40,673,633,
"Cundy, Lance",26,M,Iowa City,IA,USA,2:51:40,674,634,
"Herzet, Dominique",50,M,Campo,,FRA,2:51:41,675,635,
"Kariolis, Vasilis S",28,M,Boston,MA,USA,2:51:43,676,636,2015
"Collick, Neal",37,M,Negaunee,MI,USA,2:51:44,677,637,2016
"Bybee, Dustin",34,M,Lehi,UT,USA,2:51:44,678,638,
"Melendez, Carlos Manuel M. Sr.",38,M,"Quesada, San Carlos",,CRC,2:51:45,679,639,
"Coogan, Rachel",26,F,Cambridge,MA,USA,2:51:46,680,41,2015:2016
"Stange, Michael",47,M,San Diego,CA,USA,2:51:46,681,640,2015:2016
"Royer, Dominic",28,M,Montreal,QC,CAN,2:51:46,682,641,
"Gabris, Stephen",38,M,Burke,VA,USA,2:51:48,683,642,2015:2016
"Arai, Tatsuya",36,M,Dallas,TX,USA,2:51:48,684,643,2016
"Hardy, Sebastien",41,M,Paris,,FRA,2:51:49,685,644,
"Tsai, Chih-Yuan",34,M,New Taipei,,TWN,2:51:50,686,645,
"Waxman, Marc",44,M,Wrentham,MA,USA,2:51:50,687,646,2015
"Hardy, Brent J",33,M,Gillette,WY,USA,2:51:52,688,647,
"Clements, Aaron",28,M,New York,NY,USA,2:51:53,689,648,
"Burris, Jared",24,M,Manchester,NH,USA,2:51:54,690,649,
"Gundling, Colin",30,M,Sewickley,PA,USA,2:51:55,691,650,
"Smith, Adam D",30,M,Pittsburgh,PA,USA,2:51:57,692,651,
"Dehring, Michael J.",46,M,Cincinnati,OH,USA,2:51:57,693,652,
"Jones, Logan M.",27,M,Denver,CO,USA,2:51:58,694,653,
"England, Stephen",37,M,New York,NY,USA,2:52:00,695,654,2016
"Moyer, Dave",27,M,Jamaica Plain,MA,USA,2:52:00,696,655,2015:2016
"Grassmeyer, Justin",27,M,Omaha,NE,USA,2:52:01,697,656,
"Curley, Craig",28,M,Tucson,AZ,USA,2:52:02,698,657,
"Scanlan, Jeremy C",34,M,Boulder,CO,USA,2:52:02,699,658,
"Santos, Juan A",32,M,Guatemala,,GUA,2:52:02,700,659,
"Baranowski, Miroslaw",37,M,Brodheadsville,PA,USA,2:52:04,701,660,2016
"Malek, Paul V",25,M,Daniel Island,SC,USA,2:52:04,702,661,
"Pace, Joseph",25,M,Provo,UT,USA,2:52:05,703,662,
"Leonard, Dan",30,M,Chicago,IL,USA,2:52:07,704,663,
"Atwater, Beau",59,M,Bernardsville,NJ,USA,2:52:09,705,664,2015:2016
"Smith, David W. Jr.",26,M,Houston,TX,USA,2:52:10,706,665,
"Anderson, Mallory E",25,F,New York,NY,USA,2:52:11,707,42,
"Gonzalez, Juan P.",39,M,Lima,,PER,2:52:13,708,666,
"Fallas, Alejandro",31,M,Portland,OR,USA,2:52:13,709,667,
"Puth, Daniel",35,M,Toronto,ON,CAN,2:52:14,710,668,
"Galvin, Mike V",43,M,St Petersburg,FL,USA,2:52:16,711,669,2015:2016
"Swanson, William G",32,M,Riverside,CA,USA,2:52:16,712,670,
"Delia, Ben",34,M,Lancaster,PA,USA,2:52:17,713,671,2016
"Payne, Brandon L",26,M,Henryetta,OK,USA,2:52:17,714,672,
"Michell, Robert G",37,M,Glenn Dale,MD,USA,2:52:18,715,673,2016
"Gongora, Enrique Sr.",36,M,Mexico Df,,MEX,2:52:19,716,674,
"Giammar, David",45,M,Columbus,OH,USA,2:52:19,717,675,2016
"Allan, Kirsten N",26,F,Englewood,CO,USA,2:52:20,718,43,
"Pardo, Federico",42,M,Bogota,,COL,2:52:27,719,676,2016
"Finer, Jonathan K",28,M,Arlington,VA,USA,2:52:27,720,677,
"Grasela, Michael J",26,M,New Bedford,MA,USA,2:52:28,721,678,2016
"Landry, Paul",46,M,Golden,CO,USA,2:52:28,722,679,2015:2016
"Mitsumori, Satoshi",35,M,Brooklyn,NY,USA,2:52:29,723,680,2015
"Newhouse, James B",24,M,Boston,MA,USA,2:52:30,724,681,
"Schneider, Martin",47,M,Wiesbaden-Breckenheim,,GER,2:52:30,725,682,
"Inoue, Yusuke",35,M,Tokyo,,JPN,2:52:31,726,683,
"Duran, Carlos",44,M,Weymouth,MA,USA,2:52:32,727,684,
"Davidson, Francois",41,M,Saint-Tite,QC,CAN,2:52:32,728,685,2016
"Rama Gómez, Iván Sr.",35,M,Mislata (valencia),,ESP,2:52:33,729,686,
"Huang, Kuo-Lun",30,M,Yunlin County,,TWN,2:52:33,730,687,
"Vesbach, Steve",29,M,Shoreline,WA,USA,2:52:33,731,688,
"Jansen-Van Rensburg, Mauritz C.",46,M,George,,RSA,2:52:33,732,689,
"Bolha, Jonathan",35,M,Youngstown,OH,USA,2:52:34,733,690,2015:2016
"Castano Gonzalez, Angel U. Sr.",41,M,Medellin,,COL,2:52:35,734,691,
"Mclaughlin, Donald W",40,M,Rochester Hills,MI,USA,2:52:35,735,692,
"Accioly, Marcelo P",39,M,Jaboatao Dos Guararapes Pe,,BRA,2:52:35,736,693,
"Dadabo, Joseph G",28,M,Chicago,IL,USA,2:52:36,737,694,
"Bardeesy, Rami",48,M,Halifax,NS,CAN,2:52:38,738,695,2015:2016
"Lütgenau, Peter",47,M,Gärtringen,,GER,2:52:38,739,696,
"Loveland, Eric C",27,M,Dundee,MI,USA,2:52:44,740,697,
"Caputo, Mike",26,M,Staten Island,NY,USA,2:52:45,741,698,
"Oliver, Matthew",28,M,Santee,CA,USA,2:52:46,742,699,2015
"Howell, Kristian",37,M,Santa Barbara,CA,USA,2:52:47,743,700,2015
"Satterfield, Joseph W.",39,M,Bowdoinham,ME,USA,2:52:47,744,701,
"Smart, Larry",47,M,Tampa,FL,USA,2:52:47,745,702,2015:2016
"Totman, Andrew",36,M,Stallings,NC,USA,2:52:49,746,703,
"Thiriet, Olivier",42,M,Hong Kong,,HKG,2:52:50,747,704,
"Reed, Sam J.",23,M,Durham,NH,USA,2:52:51,748,705,
"Roach, Andrew",39,M,Baltimore,MD,USA,2:52:51,749,706,
"Castro, Sebastian",31,M,San Jose,,CRC,2:52:51,750,707,2015
"Perry, Alexander R",28,M,Albany,NY,USA,2:52:51,751,708,
"Tateishi, Caitlyn Claire",30,F,Washington,DC,USA,2:52:52,752,44,
"Becker, Aaron",26,M,Noblesville,IN,USA,2:52:53,753,709,2016
"Cacciapaglia, Christopher",27,M,Port Orchard,WA,USA,2:52:53,754,710,
"Chapruet, Christopher",25,M,Danvers,MA,USA,2:52:54,755,711,
"Naro, Brandyn",30,M,Manchester,NH,USA,2:52:54,756,712,
"Miklic, Mirko Bogomir",51,M,Ljubljana,,SLO,2:52:55,757,713,2016
"Mylonas, Dimitrios",33,M,Vancouver,BC,CAN,2:52:56,758,714,
"Angus, Mark E",37,M,Toronto,ON,CAN,2:52:56,759,715,
"Buckner, Mark L.",33,M,Salt Lake City,UT,USA,2:52:57,760,716,2016
"Peterson, Michael T",24,M,Cambridge,MA,USA,2:52:57,761,717,2016
"Deasey, Michael Ryan",28,M,Wynnewood,PA,USA,2:52:57,762,718,2016
"Michalski, Steven L",47,M,Redmond,WA,USA,2:52:58,763,719,2016
"Rossi, Timothy M.",24,M,New York,NY,USA,2:52:59,764,720,2016
"Holtz, Zachary",28,M,San Ramon,CA,USA,2:53:00,765,721,
"Scott, Reed C.",22,M,Lake Huntington,NY,USA,2:53:01,766,722,
"Cusson, Michel",49,M,Verdun,QC,CAN,2:53:02,767,723,2015:2016
"Brewer, Kenneth",24,M,Chugiak,AK,USA,2:53:04,768,724,
"Nolan, Alison L",27,F,Indialantic,FL,USA,2:53:04,769,45,
"Valentine, Zach",34,M,Aberdeen Proving Ground,MD,USA,2:53:04,770,725,
"Rutt, Matthew",26,M,Kingston,PA,USA,2:53:04,771,726,
"Desilets, Jordan H.",36,M,Brighton,MI,USA,2:53:04,772,727,
"Mahoney, Kevin J",30,M,Cranford,NJ,USA,2:53:04,773,728,
"Sandoval, Mauricio Sr.",31,M,Bogota,,COL,2:53:05,774,729,
"Kramer, Robert",44,M,Toronto,ON,CAN,2:53:05,775,730,2016
"Yang, Shizhong",35,M,West Hartford,CT,USA,2:53:06,776,731,2015:2016
"Wilhelm, Christophe G.",51,M,Lausanne,,SUI,2:53:08,777,732,
"Arthur, D'Ann E",29,F,Redondo Beach,CA,USA,2:53:08,778,46,
"Silva, Ryan J.",33,M,Medford,MA,USA,2:53:11,779,733,2015:2016
"Impellitteri, Sal",36,M,Oak Creek,WI,USA,2:53:12,780,734,
"Greenwald, Russell S",39,M,Natick,MA,USA,2:53:13,781,735,2016
"O, Loc M",40,M,Williamsburg,PA,USA,2:53:14,782,736,
"Greenham, James D.",40,M,Austin,TX,USA,2:53:14,783,737,
"Mena Solorzano, Diego Sr.",34,M,"Zaragoza, Palmares, Alajuela",,CRC,2:53:17,784,738,
"Gollins, Bryan",26,M,Somerville,MA,USA,2:53:18,785,739,
"Lin, Mason",21,M,Davidson,NC,USA,2:53:20,786,740,
"Takaoka, Masahiro",33,M,Dallas,TX,USA,2:53:21,787,741,2015:2016
"Ohara, Chip",36,M,Auburn,NY,USA,2:53:23,788,742,2015:2016
"Murray, Patrick",45,M,Alexandria,VA,USA,2:53:23,789,743,
"Perry, Tim",33,M,Manchester,NH,USA,2:53:26,790,744,2015:2016
"Wright, Andy",28,M,London,,GBR,2:53:27,791,745,
"Pauker, Semjon",30,M,Berlin,,GER,2:53:29,792,746,
"Consolandi, Paolo Giorgio",39,M,Pessano Con Bornago (mi),,ITA,2:53:29,793,747,
"Fernandez, Nestor",28,M,Santiago,,CHI,2:53:29,794,748,
"Santiago, Andre",36,M,Marica - Rj,,BRA,2:53:30,795,749,
"Phillips, Michael T",33,M,Boston,MA,USA,2:53:31,796,750,2015
"Le Roy, Tyler W",29,M,Plymouth,WI,USA,2:53:31,797,751,
"Howard, Doug",36,M,Oakland,CA,USA,2:53:31,798,752,2015:2016
"Ellis, Ryan",45,M,Irvine,CA,USA,2:53:32,799,753,2015:2016
"Cabral, Manuel",42,M,Laval,QC,CAN,2:53:34,800,754,2015:2016
"Oswald, Sean-Patrick R.",28,M,Somerset,NJ,USA,2:53:34,801,755,
"Cawkwell, Philip B",27,M,Watertown,MA,USA,2:53:35,802,756,
"Anis, Michael",35,M,North Brunswick,NJ,USA,2:53:35,803,757,2015:2016
"Highlander, Andy",29,M,Signal Mountain,TN,USA,2:53:35,804,758,
"Pearson, Gregory",39,M,Washington,DC,USA,2:53:35,805,759,
"Yuska, Tim",36,M,Darien,IL,USA,2:53:38,806,760,
"Lovig, Christy L.",40,F,Kelowna,BC,CAN,2:53:41,807,47,
"Marx, Christian",33,M,Frankfurt,,GER,2:53:41,808,761,
"Gillette, Jake",30,M,Goshen,IN,USA,2:53:42,809,762,
"Casas Herrero, Manuel",38,M,Saldana,,ESP,2:53:43,810,763,
"Ferreira Filho, Guilherme A.",30,M,Sao Paulo,,BRA,2:53:43,811,764,
"Kovalchick, Christopher",33,M,Bedford,MA,USA,2:53:45,812,765,2015:2016
"Medeiros, J Matthew",31,M,Saranac,NY,USA,2:53:46,813,766,2016
"Rankin, Greg",50,M,Garland,TX,USA,2:53:46,814,767,2015:2016
"Williamson, David",49,M,Sutton,,GBR,2:53:46,815,768,
"Madej, Robert",48,M,Toronto,ON,CAN,2:53:48,816,769,2015:2016
"Dowd, Justin",28,M,North Tonawanda,NY,USA,2:53:49,817,770,
"Kiracofe, Drew P",21,M,Brighton,MA,USA,2:53:49,818,771,
"Jizmagian, Greg S",33,M,Seattle,WA,USA,2:53:52,819,772,
"Shields, Andrew J.",51,M,Cambridge,,GBR,2:53:53,820,773,
"Boulay, Pierre",49,M,Sainte-Catherine-De-Hatley,QC,CAN,2:53:53,821,774,2015:2016
"Kawata, Ryohei",36,M,Washington,DC,USA,2:53:54,822,775,
"Prechtel, Jonathan H.",32,M,Ennetbaden,,SUI,2:53:56,823,776,
"Howard, Jason F",26,M,St Louis,MO,USA,2:53:57,824,777,2015
"Gustafsson, Jacob",33,M,Salt Lake City,UT,USA,2:53:58,825,778,
"Piirimae, Partel",44,M,Cambridge,MA,USA,2:53:59,826,779,
"Holder, David",41,M,Bedford,NS,CAN,2:53:59,827,780,
"Qi, Shun",32,M,Jiangsu Province,,CHN,2:54:00,828,781,
"Revenis, Bradley D",31,M,Baltimore,MD,USA,2:54:00,829,782,2015:2016
"Jones, Craig",38,M,Manchester,,GBR,2:54:02,830,783,
"Chantal, Alain",43,M,Pont-Rouge,QC,CAN,2:54:02,831,784,2016
"Tarbell, Kody M.",24,M,Portland,OR,USA,2:54:04,832,785,
"Kenny, Ryan F",37,M,Boston,MA,USA,2:54:04,833,786,
"Borgen, André",29,M,Oslo,,NOR,2:54:04,834,787,
"Postaski, Michael L",35,M,Maplewood,NJ,USA,2:54:07,835,788,2016
"Vargas, Will",42,M,Bogota,,COL,2:54:07,836,789,2016
"Savaria, Mathieu",30,M,Montreal,QC,CAN,2:54:07,837,790,
"O'Neale, Dion",36,M,Auckland,,NZL,2:54:09,838,791,
"Regan, John P.",47,M,Lansdale,PA,USA,2:54:11,839,792,
"Wijeyeratne, Shihan",23,M,Richmond,VA,USA,2:54:12,840,793,
"Gress, Shannon",31,F,Juneau,AK,USA,2:54:13,841,48,
"Arbaugh, Benjamin M.",20,M,Davis,CA,USA,2:54:14,842,794,
"Danko, Laszlo",47,M,Hoboken,NJ,USA,2:54:15,843,795,2016
"Lair, Jessie E",35,F,Grand Rapids,MI,USA,2:54:16,844,49,
"Root, Thomas",30,M,Barrington,IL,USA,2:54:17,845,796,2016
"Bishop, Nathan",36,M,Houston,TX,USA,2:54:17,846,797,
"Corso, Jonathan",48,M,Decatur,GA,USA,2:54:17,847,798,2016
"Inoue, Daichi",36,M,New York,NY,USA,2:54:18,848,799,2016
"Bowen, John A.",28,M,Fox Point,WI,USA,2:54:18,849,800,
"Strasburg, Andrew W",32,M,Ann Arbor,MI,USA,2:54:19,850,801,
"Langerak, Bruce",45,M,Byron Center,MI,USA,2:54:20,851,802,2015
"Hambrock, Christian J",39,M,Hanover,ON,CAN,2:54:20,852,803,2015
"Stewart, Simon",43,M,Edmonton,AB,CAN,2:54:20,853,804,
"Marilly, Mathieu",33,M,Toronto,ON,CAN,2:54:21,854,805,
"Temple, Brian",50,M,Pacific Palisades,CA,USA,2:54:21,855,806,2015:2016
"Kropelnicki, Jesse",38,M,Scituate,MA,USA,2:54:22,856,807,2015:2016
"Lucier, Jeremy",31,M,Chantilly,VA,USA,2:54:22,857,808,
"Cibulka, Jeramia",36,M,Indianapolis,IN,USA,2:54:22,858,809,
"Curley, Matt",50,M,Chicago,IL,USA,2:54:22,859,810,2016
"Sweeney, Derrik W.",25,M,Riverside,IL,USA,2:54:25,860,811,2016
"Nevalainen, Alec",43,M,Juneau,AK,USA,2:54:25,861,812,2016
"Garcia, Mario A.",31,M,Arlington,VA,USA,2:54:25,862,813,
"Martinez Balbuena, Emilio",52,M,Santiago,,DOM,2:54:27,863,814,2015
"Yerka, Christopher A.",36,M,Layton,UT,USA,2:54:27,864,815,
"Jungkans, Chris W.",55,M,Salem,WI,USA,2:54:29,865,816,
"Merkt, Juerg",52,M,Buelach,,SUI,2:54:29,866,817,
"Tydlaska, Shawn",35,M,Burlingame,CA,USA,2:54:32,867,818,2015:2016
"Nieto, Ben",29,M,Philadelphia,PA,USA,2:54:33,868,819,
"Garvey, Thomas G IV",32,M,New York,NY,USA,2:54:34,869,820,2015:2016
"Bilodeau-Genest, Thomas",25,M,Québec,QC,CAN,2:54:35,870,821,
"Duhaime, Spencer",25,M,New York,NY,USA,2:54:37,871,822,2015:2016
"Garrison, Scott D",29,M,Spokane,WA,USA,2:54:37,872,823,
"Ito, Atsushi",31,M,Princeton,NJ,USA,2:54:38,873,824,2015:2016
"Corona Iturriaga, Roberto",38,M,Zapopan,,MEX,2:54:38,874,825,2015:2016
"Bardey, Jonathan A",36,M,New York City,NY,USA,2:54:39,875,826,
"Rosenberg-Wohl, Jacob",24,M,San Francisco,CA,USA,2:54:40,876,827,2015:2016
"Mason, Jonathan R",32,M,Pensacola,FL,USA,2:54:41,877,828,
"Burns, Robert M.",50,M,"Crestwood, NSW",,AUS,2:54:43,878,829,2015
"Rea, Ian",40,M,Jamaica Plain,MA,USA,2:54:44,879,830,2016
"Gamble, Charlie E",29,M,San Diego,CA,USA,2:54:45,880,831,
"Egge, Mark",30,M,Cheyenne,WY,USA,2:54:46,881,832,
"Edora, Felipe T.",48,M,Victoria,BC,CAN,2:54:46,882,833,2015
"Matthews, Martin",40,M,Birmingham,,GBR,2:54:48,883,834,
"Chang, Ching-Tun",31,M,Taoyuan City,,TWN,2:54:48,884,835,
"Sorenson, Erik J",30,M,Pebble Beach,CA,USA,2:54:49,885,836,
"White, Laurent",37,M,Flemington,NJ,USA,2:54:50,886,837,
"Walsh, Sorrell",26,F,London,,GBR,2:54:50,887,50,
"Hoerger, Jacob",24,M,Somerville,MA,USA,2:54:50,888,838,
"Batzel, Dane",39,M,Dallas,TX,USA,2:54:51,889,839,
"Snow, Nick J",25,M,Vancouver,BC,CAN,2:54:51,890,840,
"Lucas, Nigel",37,M,Cork,,IRL,2:54:51,891,841,
"Clark, Christopher",35,M,Anchorage,AK,USA,2:54:52,892,842,
"Rivera, Will",46,M,Elizabethtown,KY,USA,2:54:53,893,843,
"Lonergan, Eric",31,M,Warwick,RI,USA,2:54:54,894,844,
"Lopez, Raul M. Jr.",32,M,Washington,DC,USA,2:54:56,895,845,
"Muskopf, Christopher J.",41,M,Roxbury,MA,USA,2:54:56,896,846,
"Rivas, Jorge A",37,M,Guatemala,,GUA,2:54:56,897,847,2016
"Feldman, William P.",31,M,Greensboro,NC,USA,2:54:56,898,848,
"Hackett, Brian",25,M,Germantown,MD,USA,2:54:57,899,849,
"Prussing, Pablo Alejandro",40,M,Santiago,,CHI,2:54:58,900,850,
"Hunter, Colin C",28,M,Grandville,MI,USA,2:54:58,901,851,
"Davis, Steve T",50,M,Onalaska,WI,USA,2:55:00,902,852,
"Tarm, Toomas",48,M,Harjumaa,,EST,2:55:00,903,853,
"Dunlap, Matthew H.",30,M,Portland,OR,USA,2:55:00,904,854,
"Van Meter, Kathryn M.",29,F,Milford,OH,USA,2:55:01,905,51,2015
"Smith, David R",35,M,London,ON,CAN,2:55:02,906,855,2016
"Iacovone, Dustin",29,M,Reynoldsburg,OH,USA,2:55:03,907,856,
"Gerald, Jean-Philippe",33,M,Boston,MA,USA,2:55:03,908,857,
"Moreira, Alexandre H.",36,M,Vitoria,,BRA,2:55:05,909,858,
"Qin, Zhenning",39,M,Shanghai,,CHN,2:55:06,910,859,
"Middleton, Ryan",29,M,Mechanicsville,VA,USA,2:55:06,911,860,
"Sanderson, Samuel",39,M,Houston,TX,USA,2:55:07,912,861,
"Szymoniak, Blazej",27,M,Chicago,IL,USA,2:55:07,913,862,
"Aubut, Xavier",33,M,Montreal,QC,CAN,2:55:07,914,863,
"Wendel, Nicholas",25,M,Boston,MA,USA,2:55:07,915,864,
"Carvajal Riquelme, Pablo",26,M,Santiago,,CHI,2:55:08,916,865,
"Burgos, Andre C. Sr.",35,M,Recife,,BRA,2:55:10,917,866,
"Ramirez, Felipe",40,M,Mexico,,MEX,2:55:10,918,867,2016
"King, David R.",43,M,Boston,MA,USA,2:55:10,919,868,
"Fennon, Myles",38,M,New York,NY,USA,2:55:11,920,869,2015:2016
"Kennedy, Morgan",29,M,Portland,CT,USA,2:55:11,921,870,2015
"Sprieser, Steven",24,M,Vernon Hills,IL,USA,2:55:11,922,871,2015:2016
"Zompanti, Alessandro",48,M,Fiuggi Fr,,ITA,2:55:12,923,872,
"Baek, James",23,M,Indianapolis,IN,USA,2:55:12,924,873,2016
"Perez, Abel Sr.",30,M,Brooklyn,NY,USA,2:55:12,925,874,
"Li, Yipeng",37,M,Shanghai,,CHN,2:55:13,926,875,
"Garcia, German",38,M,Flint,TX,USA,2:55:14,927,876,
"Grinstead, Tyler J",25,M,Houston,TX,USA,2:55:14,928,877,
"Longo, John",29,M,Arlington,MA,USA,2:55:16,929,878,2015:2016
"Beck, Owen",26,M,Louisville,CO,USA,2:55:17,930,879,
"Schiemann, Chris J",34,M,Middleton,WI,USA,2:55:18,931,880,
"Ford, Ryan",30,M,Middlefield,CT,USA,2:55:18,932,881,
"Blom, Marcel W",33,M,Beamsville,ON,CAN,2:55:19,933,882,
"Carley, Seth A",28,M,Nashville,TN,USA,2:55:20,934,883,
"Morgan, Kevin",27,M,Denver,CO,USA,2:55:21,935,884,
"Delanghe, Sean",31,M,Waterloo,ON,CAN,2:55:21,936,885,
"Decamps, William M.",30,M,Atlanta,GA,USA,2:55:22,937,886,
"Sitarz, Hans",22,M,Birmingham,AL,USA,2:55:22,938,887,
"Dimbleby, Peter J.",42,M,Walsall,,GBR,2:55:23,939,888,
"Versen, William R",25,M,Minneapolis,MN,USA,2:55:24,940,889,
"Cooper, Sheldon M",35,M,Toronto,ON,CAN,2:55:24,941,890,2016
"Brown, Dwayne",39,M,Philadelphia,PA,USA,2:55:24,942,891,
"Lizotte, Megan L.",33,F,San Diego,CA,USA,2:55:26,943,52,
"Hein, Christine L.",42,F,North Yarmouth,ME,USA,2:55:28,944,53,
"Shaw, Michael P.",31,M,Washington,DC,USA,2:55:29,945,892,
"Gil Zaragoza, Pablo Sr.",26,M,Puebla,,MEX,2:55:30,946,893,
"Eng, Greg",28,M,Rancho Palos Verdes,CA,USA,2:55:30,947,894,
"Synofzik, Matthis",37,M,Tuebingen,,GER,2:55:34,948,895,
"Trampe, Travis",44,M,Fort Collins,CO,USA,2:55:34,949,896,2015:2016
"Hoffman, Michael",29,M,Marlborough,MA,USA,2:55:34,950,897,
"Rafael Calderon, Victor M.",40,M,Leganes,,ESP,2:55:34,951,898,
"Deshaies, Eric",43,M,Gatineai,QC,CAN,2:55:36,952,899,
"Becker, Scott",33,M,Medford,OR,USA,2:55:36,953,900,
"Swanson, Erik",44,M,Amherst,NH,USA,2:55:37,954,901,2015:2016
"Royston, J. P. II",39,M,Orlando,FL,USA,2:55:38,955,902,
"Flowerday, Crispin",38,M,San Francisco,CA,USA,2:55:39,956,903,
"Kam, Max",30,M,San Rafael,CA,USA,2:55:39,957,904,2016
"Zamora, Jairo C.",29,M,Bogota,,COL,2:55:39,958,905,
"Luc, Ryan",38,M,London,ON,CAN,2:55:40,959,906,2015:2016
"Yu, Michael",45,M,"Zhubei City, Hsinchu County",,TWN,2:55:40,960,907,2015:2016
"Fan, Alexander",31,M,Woodbury,MN,USA,2:55:40,961,908,2016
"Smith, Kevin J.",32,M,Sutton,,GBR,2:55:41,962,909,
"Husak, Tyler",30,M,Marion,IA,USA,2:55:42,963,910,2015:2016
"Widlowski, Daniel",29,M,Sag Harbor,NY,USA,2:55:44,964,911,2016
"Tian, Jun",25,M,Naperville,IL,USA,2:55:47,965,912,2016
"Schiele, Austin",32,M,Hudson,OH,USA,2:55:48,966,913,
"Mitchell, Dustin T",22,M,Lexington,KY,USA,2:55:48,967,914,
"Ricardi, Joshua",35,M,Covington,WA,USA,2:55:49,968,915,2015
"Agnew, Jeremy",41,M,London,,GBR,2:55:51,969,916,
"Murphy, Timothy A.",45,M,Ronkonkoma,NY,USA,2:55:52,970,917,2016
"Dallner, Olof S",39,M,New York,NY,USA,2:55:52,971,918,
"Hurlbutt, Gretchen G",38,F,Boise,ID,USA,2:55:55,972,54,
"Bel Franquesa, Laura",29,F,Sant Cugat Del Valles,,ESP,2:55:56,973,55,
"Kingston, Hudson",33,M,St. Paul,MN,USA,2:55:56,974,919,
"Chen, Cheng Yen",28,M,Keelung,,TWN,2:55:56,975,920,
"Mcevoy, James R",32,M,Brooklyn,NY,USA,2:55:56,976,921,
"Blowers, James",45,M,Cary,NC,USA,2:55:57,977,922,
"Guthals, Nathaniel",26,M,Overland Park,KS,USA,2:55:57,978,923,2015:2016
"Carbonaro, Jeramie C.",42,M,Port Sydney,ON,CAN,2:55:57,979,924,
"Bybee, Ryan R",40,M,Highland,UT,USA,2:55:58,980,925,
"Choy, Yan Tsun Jeffrey",32,M,Hong Kong,,HKG,2:55:59,981,926,
"Delong, Candace",27,F,Winchester,VA,USA,2:55:59,982,56,
"Bumbulsky, Jim",30,M,Philadelphia,PA,USA,2:56:00,983,927,
"Wong, Ka Ming",36,M,Hong Kong,,HKG,2:56:00,984,928,2016
"Zook, Benjamin",34,M,Gordonville,PA,USA,2:56:01,985,929,
"Kartanowicz, Paul M.",37,M,West Orange,NJ,USA,2:56:01,986,930,
"Bretz, Virgil",44,M,Mt. Kisco,NY,USA,2:56:02,987,931,2015:2016
"Cucuzzella, Mark",50,M,Shepherdstown,WV,USA,2:56:03,988,932,2016
"Carron, John B",46,M,Irvington,NY,USA,2:56:03,989,933,2016
"Rutter, Martin J.",34,M,London,,GBR,2:56:03,990,934,
"Smith, Timothy D",52,M,Carpinteria,CA,USA,2:56:03,991,935,
"Campbell, Coby",25,M,Atlanta,GA,USA,2:56:04,992,936,
"Gavin, Timothy V.",41,M,Weston,MA,USA,2:56:04,993,937,
"Branick, Connor M",23,M,Sioux Falls,SD,USA,2:56:05,994,938,
"Mejia Huerta, Bernardo B.",31,M,Mexico City,,MEX,2:56:05,995,939,
"Larosa, Mark",38,M,North Andover,MA,USA,2:56:06,996,940,2015:2016
"Williamson, Jerry A",43,M,Raleigh,NC,USA,2:56:06,997,941,2015
"Mccue, Daniel T",40,M,Arlington,MA,USA,2:56:06,998,942,
"Larosa, John",35,M,Danbury,CT,USA,2:56:07,999,943,
"Sanchez, Sam R",35,M,Santa Fe,NM,USA,2:56:08,1000,944,